{"cameraMode":{"drawMode":0,"name":"Shaded","section":"Shading Mode"},"sceneLighting":true,"audioPlay":false,"sceneViewState":{"m_AlwaysRefresh":false,"showFog":true,"showSkybox":true,"showFlares":true,"showImageEffects":true,"showParticleSystems":true,"showVisualEffectGraphs":true,"m_FxEnabled":true},"in2DMode":false,"pivot":{"x":36.540000915527347,"y":29.100000381469728,"z":-0.3799999952316284},"rotation":{"x":-0.07629834860563278,"y":-0.7152355909347534,"z":0.07867845147848129,"w":-0.6903421878814697},"size":135.91360473632813,"orthographic":false}