{"cameraMode":{"drawMode":0,"name":"Shaded","section":"Shading Mode"},"sceneLighting":true,"audioPlay":false,"sceneViewState":{"m_AlwaysRefresh":false,"showFog":true,"showSkybox":true,"showFlares":true,"showImageEffects":true,"showParticleSystems":true,"showVisualEffectGraphs":true,"m_FxEnabled":true},"in2DMode":false,"pivot":{"x":-26.259662628173829,"y":10.03687572479248,"z":0.7942849397659302},"rotation":{"x":-0.031230753287672998,"y":-0.7270740866661072,"z":0.032811518758535388,"w":-0.6851475834846497},"size":0.3050721287727356,"orthographic":false}